Feature,Score
A_0,-0.0012410281711752284
A_1,0.03376405559309969
R_0,0.020097860676904777
R_1,0.04022945625657026
R_2,-0.02584510694575032
R_3,0.006584637788681912
