Feature,Score
A_0,0.028900179681429695
A_1,0.006967901889776873
R_0,0.02878068112443113
R_1,0.02526574987512488
R_2,0.10847770182874525
R_3,0.1110565439537103
