Feature,Score
A_0,0.0527170745920746
A_1,0.05271707459207461
R_0,0.009829319985570005
R_1,0.009829319985569995
R_2,0.009829319985569981
R_3,0.009829319985570014
