Feature,Score
A_0,0.5599999999999998
A_1,0.5599999999999998
R_0,0.044999999999999804
R_1,0.04500000000000004
R_2,0.04500000000000004
R_3,0.045
